old_path,new_url
3x3-barcelona/index.html,https://linksbio.cbgrupbarna.info/3x3-barcelona/
3x3/index.html,https://linksbio.cbgrupbarna.info/3x3/
accessibilitat/index.html,https://linksbio.cbgrupbarna.info/accessibilitat/
admin/analitica/index.html,https://linksbio.cbgrupbarna.info/admin/analitica/
admin/index.html,https://linksbio.cbgrupbarna.info/admin/
admin/marca/index.html,https://linksbio.cbgrupbarna.info/admin/marca/
admin/token.html,https://linksbio.cbgrupbarna.info/admin/token.html
avantatges-familia/index.html,https://linksbio.cbgrupbarna.info/avantatges-familia/
avis-legal/index.html,https://linksbio.cbgrupbarna.info/avis-legal/
basquet-femeni/el-metode-barna/index.html,https://linksbio.cbgrupbarna.info/basquet-femeni/el-metode-barna/
basquet-femeni/index.html,https://linksbio.cbgrupbarna.info/basquet-femeni/
basquet-formatiu/index.html,https://linksbio.cbgrupbarna.info/basquet-formatiu/
blog/a-quina-edat-comencar-basquet/index.html,https://linksbio.cbgrupbarna.info/blog/a-quina-edat-comencar-basquet/
blog/barna-amb-dades-informe/index.html,https://linksbio.cbgrupbarna.info/blog/barna-amb-dades-informe/
blog/basquet-base-sant-marti-clot/index.html,https://linksbio.cbgrupbarna.info/blog/basquet-base-sant-marti-clot/
blog/basquet-femeni-barcelona-0-75-per-cent/index.html,https://linksbio.cbgrupbarna.info/blog/basquet-femeni-barcelona-0-75-per-cent/
blog/basquet-inclusiu-barna-magics/index.html,https://linksbio.cbgrupbarna.info/blog/basquet-inclusiu-barna-magics/
blog/campus-basquet-barcelona-guia/index.html,https://linksbio.cbgrupbarna.info/blog/campus-basquet-barcelona-guia/
blog/campus-time-chamber-2026/index.html,https://linksbio.cbgrupbarna.info/blog/campus-time-chamber-2026/
blog/club-basquet-segur-igualtat-families/index.html,https://linksbio.cbgrupbarna.info/blog/club-basquet-segur-igualtat-families/
blog/club-formacio-i-competitiu-catalunya/index.html,https://linksbio.cbgrupbarna.info/blog/club-formacio-i-competitiu-catalunya/
blog/com-triar-escola-basquet-barcelona/index.html,https://linksbio.cbgrupbarna.info/blog/com-triar-escola-basquet-barcelona/
blog/cultura-esforc-club-progres/index.html,https://linksbio.cbgrupbarna.info/blog/cultura-esforc-club-progres/
blog/entrenadores-basquet-barcelona/index.html,https://linksbio.cbgrupbarna.info/blog/entrenadores-basquet-barcelona/
blog/entrenadors-nba-basquet-barcelona/index.html,https://linksbio.cbgrupbarna.info/blog/entrenadors-nba-basquet-barcelona/
blog/equipacio-femenina-basquet/index.html,https://linksbio.cbgrupbarna.info/blog/equipacio-femenina-basquet/
blog/fons-barna-8m-fcbq/index.html,https://linksbio.cbgrupbarna.info/blog/fons-barna-8m-fcbq/
blog/index.html,https://linksbio.cbgrupbarna.info/blog/
blog/nova-farmacia-clot-nou-partner-barna/index.html,https://linksbio.cbgrupbarna.info/blog/nova-farmacia-clot-nou-partner-barna/
blog/patrocinadors-partners-cb-grup-barna/index.html,https://linksbio.cbgrupbarna.info/blog/patrocinadors-partners-cb-grup-barna/
blog/patrocinar-club-basquet-barri/index.html,https://linksbio.cbgrupbarna.info/blog/patrocinar-club-basquet-barri/
blog/per-que-les-noies-deixen-el-basquet/index.html,https://linksbio.cbgrupbarna.info/blog/per-que-les-noies-deixen-el-basquet/
blog/portes-obertes-escoleta-setembre-2026/index.html,https://linksbio.cbgrupbarna.info/blog/portes-obertes-escoleta-setembre-2026/
blog/proteccio-menor-pla-igualtat/index.html,https://linksbio.cbgrupbarna.info/blog/proteccio-menor-pla-igualtat/
blog/quants-equips-te-el-barna/index.html,https://linksbio.cbgrupbarna.info/blog/quants-equips-te-el-barna/
blog/que-es-basquet-3x3/index.html,https://linksbio.cbgrupbarna.info/blog/que-es-basquet-3x3/
briefing/admin.html,https://linksbio.cbgrupbarna.info/briefing/admin.html
briefing/index.html,https://linksbio.cbgrupbarna.info/briefing/
briefing/materials.html,https://linksbio.cbgrupbarna.info/briefing/materials.html
bustia/index.html,https://linksbio.cbgrupbarna.info/bustia/
campus-basquet-barcelona/index.html,https://linksbio.cbgrupbarna.info/campus-basquet-barcelona/
campus-nadal-basquet-barcelona/index.html,https://linksbio.cbgrupbarna.info/campus-nadal-basquet-barcelona/
campus/enllacos/index.html,https://linksbio.cbgrupbarna.info/campus/enllacos/
campus/index.html,https://linksbio.cbgrupbarna.info/campus/
campus/setmana-santa/index.html,https://linksbio.cbgrupbarna.info/campus/setmana-santa/
cerca/index.html,https://linksbio.cbgrupbarna.info/cerca/
cistella-petita/index.html,https://linksbio.cbgrupbarna.info/cistella-petita/
club/index.html,https://linksbio.cbgrupbarna.info/club/
docs/newsletter/numero-1-portes-obertes.html,https://linksbio.cbgrupbarna.info/docs/newsletter/numero-1-portes-obertes.html
docs/newsletter/plantilla.html,https://linksbio.cbgrupbarna.info/docs/newsletter/plantilla.html
docs/welcome-pack/index.html,https://linksbio.cbgrupbarna.info/docs/welcome-pack/
documents/index.html,https://linksbio.cbgrupbarna.info/documents/
dossier-patrocinis/index.html,https://linksbio.cbgrupbarna.info/dossier-patrocinis/
empreses/index.html,https://linksbio.cbgrupbarna.info/empreses/
en/3x3-basketball-barcelona/index.html,https://linksbio.cbgrupbarna.info/en/3x3-basketball-barcelona/
en/3x3/index.html,https://linksbio.cbgrupbarna.info/en/3x3/
en/accessibility/index.html,https://linksbio.cbgrupbarna.info/en/accessibility/
en/basketball-camps-barcelona/index.html,https://linksbio.cbgrupbarna.info/en/basketball-camps-barcelona/
en/basketball-school-barcelona/index.html,https://linksbio.cbgrupbarna.info/en/basketball-school-barcelona/
en/basketball-skills-training-barcelona/index.html,https://linksbio.cbgrupbarna.info/en/basketball-skills-training-barcelona/
en/blog/a-quina-edat-comencar-basquet/index.html,https://linksbio.cbgrupbarna.info/en/blog/a-quina-edat-comencar-basquet/
en/blog/barna-with-data-report/index.html,https://linksbio.cbgrupbarna.info/en/blog/barna-with-data-report/
en/blog/basketball-camp-barcelona-guide/index.html,https://linksbio.cbgrupbarna.info/en/blog/basketball-camp-barcelona-guide/
en/blog/basquet-base-sant-marti-clot/index.html,https://linksbio.cbgrupbarna.info/en/blog/basquet-base-sant-marti-clot/
en/blog/campus-basquet-barcelona-guia/index.html,https://linksbio.cbgrupbarna.info/en/blog/campus-basquet-barcelona-guia/
en/blog/cb-grup-barna-sponsors-and-partners/index.html,https://linksbio.cbgrupbarna.info/en/blog/cb-grup-barna-sponsors-and-partners/
en/blog/child-protection-equality-plan/index.html,https://linksbio.cbgrupbarna.info/en/blog/child-protection-equality-plan/
en/blog/com-triar-escola-basquet-barcelona/index.html,https://linksbio.cbgrupbarna.info/en/blog/com-triar-escola-basquet-barcelona/
en/blog/culture-of-effort-progress/index.html,https://linksbio.cbgrupbarna.info/en/blog/culture-of-effort-progress/
en/blog/escoleta-open-days-september-2026/index.html,https://linksbio.cbgrupbarna.info/en/blog/escoleta-open-days-september-2026/
en/blog/fons-barna-8m-fcbq/index.html,https://linksbio.cbgrupbarna.info/en/blog/fons-barna-8m-fcbq/
en/blog/formation-and-competitive-club-catalonia/index.html,https://linksbio.cbgrupbarna.info/en/blog/formation-and-competitive-club-catalonia/
en/blog/how-many-teams-does-the-barna-have/index.html,https://linksbio.cbgrupbarna.info/en/blog/how-many-teams-does-the-barna-have/
en/blog/how-to-choose-a-basketball-school-barcelona/index.html,https://linksbio.cbgrupbarna.info/en/blog/how-to-choose-a-basketball-school-barcelona/
en/blog/inclusive-basketball-barna-magics/index.html,https://linksbio.cbgrupbarna.info/en/blog/inclusive-basketball-barna-magics/
en/blog/index.html,https://linksbio.cbgrupbarna.info/en/blog/
en/blog/nba-coaches-basketball-barcelona/index.html,https://linksbio.cbgrupbarna.info/en/blog/nba-coaches-basketball-barcelona/
en/blog/nova-farmacia-clot-new-cb-grup-barna-partner/index.html,https://linksbio.cbgrupbarna.info/en/blog/nova-farmacia-clot-new-cb-grup-barna-partner/
en/blog/que-es-basquet-3x3/index.html,https://linksbio.cbgrupbarna.info/en/blog/que-es-basquet-3x3/
en/blog/safe-equal-basketball-club-families/index.html,https://linksbio.cbgrupbarna.info/en/blog/safe-equal-basketball-club-families/
en/blog/time-chamber-camp-2026/index.html,https://linksbio.cbgrupbarna.info/en/blog/time-chamber-camp-2026/
en/blog/what-age-to-start-basketball/index.html,https://linksbio.cbgrupbarna.info/en/blog/what-age-to-start-basketball/
en/blog/what-is-3x3-basketball/index.html,https://linksbio.cbgrupbarna.info/en/blog/what-is-3x3-basketball/
en/blog/why-girls-quit-basketball/index.html,https://linksbio.cbgrupbarna.info/en/blog/why-girls-quit-basketball/
en/blog/why-sponsor-a-neighbourhood-basketball-club/index.html,https://linksbio.cbgrupbarna.info/en/blog/why-sponsor-a-neighbourhood-basketball-club/
en/blog/women-basketball-coaches-barcelona/index.html,https://linksbio.cbgrupbarna.info/en/blog/women-basketball-coaches-barcelona/
en/blog/womens-basketball-barcelona-0-75-per-cent/index.html,https://linksbio.cbgrupbarna.info/en/blog/womens-basketball-barcelona-0-75-per-cent/
en/blog/womens-basketball-kit-design/index.html,https://linksbio.cbgrupbarna.info/en/blog/womens-basketball-kit-design/
en/blog/youth-basketball-sant-marti-clot/index.html,https://linksbio.cbgrupbarna.info/en/blog/youth-basketball-sant-marti-clot/
en/briefing/index.html,https://linksbio.cbgrupbarna.info/en/briefing/
en/briefing/materials.html,https://linksbio.cbgrupbarna.info/en/briefing/materials.html
en/campus/easter/index.html,https://linksbio.cbgrupbarna.info/en/campus/easter/
en/campus/index.html,https://linksbio.cbgrupbarna.info/en/campus/
en/campus/links/index.html,https://linksbio.cbgrupbarna.info/en/campus/links/
en/child-protection/index.html,https://linksbio.cbgrupbarna.info/en/child-protection/
en/child-protection/report/index.html,https://linksbio.cbgrupbarna.info/en/child-protection/report/
en/christmas-basketball-camp-barcelona/index.html,https://linksbio.cbgrupbarna.info/en/christmas-basketball-camp-barcelona/
en/cistella-petita/index.html,https://linksbio.cbgrupbarna.info/en/cistella-petita/
en/club-positioning/index.html,https://linksbio.cbgrupbarna.info/en/club-positioning/
en/club/index.html,https://linksbio.cbgrupbarna.info/en/club/
en/companies/index.html,https://linksbio.cbgrupbarna.info/en/companies/
en/contact-us/index.html,https://linksbio.cbgrupbarna.info/en/contact-us/
en/development-basketball/index.html,https://linksbio.cbgrupbarna.info/en/development-basketball/
en/development-model/index.html,https://linksbio.cbgrupbarna.info/en/development-model/
en/documents/index.html,https://linksbio.cbgrupbarna.info/en/documents/
en/dossier-patrocinis/index.html,https://linksbio.cbgrupbarna.info/en/dossier-patrocinis/
en/escoleta/index.html,https://linksbio.cbgrupbarna.info/en/escoleta/
en/facilities/index.html,https://linksbio.cbgrupbarna.info/en/facilities/
en/family-benefits/index.html,https://linksbio.cbgrupbarna.info/en/family-benefits/
en/faq/index.html,https://linksbio.cbgrupbarna.info/en/faq/
en/fotos-3x3/index.html,https://linksbio.cbgrupbarna.info/en/fotos-3x3/
en/fotos-esdeveniments/3x3-westfield-2026/index.html,https://linksbio.cbgrupbarna.info/en/fotos-esdeveniments/3x3-westfield-2026/
en/fotos-esdeveniments/index.html,https://linksbio.cbgrupbarna.info/en/fotos-esdeveniments/
en/galeria-3x3-glories/index.html,https://linksbio.cbgrupbarna.info/en/galeria-3x3-glories/
en/grup-barna-dades-oficials/index.html,https://linksbio.cbgrupbarna.info/en/grup-barna-dades-oficials/
en/history/index.html,https://linksbio.cbgrupbarna.info/en/history/
en/honours/index.html,https://linksbio.cbgrupbarna.info/en/honours/
en/index.html,https://linksbio.cbgrupbarna.info/en/
en/jugadors/estadistiques.html,https://linksbio.cbgrupbarna.info/en/jugadors/estadistiques.html
en/jugadors/index.html,https://linksbio.cbgrupbarna.info/en/jugadors/
en/legal-notice/index.html,https://linksbio.cbgrupbarna.info/en/legal-notice/
en/magics/index.html,https://linksbio.cbgrupbarna.info/en/magics/
en/mascota/index.html,https://linksbio.cbgrupbarna.info/en/mascota/
en/newsletter/index.html,https://linksbio.cbgrupbarna.info/en/newsletter/
en/open-days/index.html,https://linksbio.cbgrupbarna.info/en/open-days/
en/opina/index.html,https://linksbio.cbgrupbarna.info/en/opina/
en/organisation/index.html,https://linksbio.cbgrupbarna.info/en/organisation/
en/orgull/index.html,https://linksbio.cbgrupbarna.info/en/orgull/
en/partits/calendaris/index.html,https://linksbio.cbgrupbarna.info/en/partits/calendaris/
en/partits/cartell.html,https://linksbio.cbgrupbarna.info/en/partits/cartell.html
en/partits/equips/cadet-femeni-a/index.html,https://linksbio.cbgrupbarna.info/en/partits/equips/cadet-femeni-a/
en/partits/equips/cadet-femeni-b/index.html,https://linksbio.cbgrupbarna.info/en/partits/equips/cadet-femeni-b/
en/partits/equips/cadet-masculi-a/index.html,https://linksbio.cbgrupbarna.info/en/partits/equips/cadet-masculi-a/
en/partits/equips/cadet-masculi-b/index.html,https://linksbio.cbgrupbarna.info/en/partits/equips/cadet-masculi-b/
en/partits/equips/index.html,https://linksbio.cbgrupbarna.info/en/partits/equips/
en/partits/equips/infantil-femeni-a/index.html,https://linksbio.cbgrupbarna.info/en/partits/equips/infantil-femeni-a/
en/partits/equips/infantil-femeni-b/index.html,https://linksbio.cbgrupbarna.info/en/partits/equips/infantil-femeni-b/
en/partits/equips/infantil-masculi-a/index.html,https://linksbio.cbgrupbarna.info/en/partits/equips/infantil-masculi-a/
en/partits/equips/infantil-masculi-b/index.html,https://linksbio.cbgrupbarna.info/en/partits/equips/infantil-masculi-b/
en/partits/equips/junior-femeni-a/index.html,https://linksbio.cbgrupbarna.info/en/partits/equips/junior-femeni-a/
en/partits/equips/junior-femeni-b/index.html,https://linksbio.cbgrupbarna.info/en/partits/equips/junior-femeni-b/
en/partits/equips/junior-femeni-negre/index.html,https://linksbio.cbgrupbarna.info/en/partits/equips/junior-femeni-negre/
en/partits/equips/junior-masculi-a/index.html,https://linksbio.cbgrupbarna.info/en/partits/equips/junior-masculi-a/
en/partits/equips/junior-masculi-negre/index.html,https://linksbio.cbgrupbarna.info/en/partits/equips/junior-masculi-negre/
en/partits/equips/scf/index.html,https://linksbio.cbgrupbarna.info/en/partits/equips/scf/
en/partits/equips/scm/index.html,https://linksbio.cbgrupbarna.info/en/partits/equips/scm/
en/partits/equips/senior-femeni-b/index.html,https://linksbio.cbgrupbarna.info/en/partits/equips/senior-femeni-b/
en/partits/equips/senior-masculi-b/index.html,https://linksbio.cbgrupbarna.info/en/partits/equips/senior-masculi-b/
en/partits/index.html,https://linksbio.cbgrupbarna.info/en/partits/
en/partners-mapa/index.html,https://linksbio.cbgrupbarna.info/en/partners-mapa/
en/patrocinadors/index.html,https://linksbio.cbgrupbarna.info/en/patrocinadors/
en/patrocinadors/partners/aquamiga/index.html,https://linksbio.cbgrupbarna.info/en/patrocinadors/partners/aquamiga/
en/patrocinadors/partners/armand-optics/index.html,https://linksbio.cbgrupbarna.info/en/patrocinadors/partners/armand-optics/
en/patrocinadors/partners/clinica-dental-bac-de-roda/index.html,https://linksbio.cbgrupbarna.info/en/patrocinadors/partners/clinica-dental-bac-de-roda/
en/patrocinadors/partners/eix-clot/index.html,https://linksbio.cbgrupbarna.info/en/patrocinadors/partners/eix-clot/
en/patrocinadors/partners/eix-comercial-sant-marti/index.html,https://linksbio.cbgrupbarna.info/en/patrocinadors/partners/eix-comercial-sant-marti/
en/patrocinadors/partners/foto-jane/index.html,https://linksbio.cbgrupbarna.info/en/patrocinadors/partners/foto-jane/
en/patrocinadors/partners/fundacio-mullor/index.html,https://linksbio.cbgrupbarna.info/en/patrocinadors/partners/fundacio-mullor/
en/patrocinadors/partners/gbk-globabasket/index.html,https://linksbio.cbgrupbarna.info/en/patrocinadors/partners/gbk-globabasket/
en/patrocinadors/partners/herbolaris-montserrat/index.html,https://linksbio.cbgrupbarna.info/en/patrocinadors/partners/herbolaris-montserrat/
en/patrocinadors/partners/illa-fantasia/index.html,https://linksbio.cbgrupbarna.info/en/patrocinadors/partners/illa-fantasia/
en/patrocinadors/partners/instax-fujifilm/index.html,https://linksbio.cbgrupbarna.info/en/patrocinadors/partners/instax-fujifilm/
en/patrocinadors/partners/manual-colors/index.html,https://linksbio.cbgrupbarna.info/en/patrocinadors/partners/manual-colors/
en/patrocinadors/partners/melosa-hamburgueseria/index.html,https://linksbio.cbgrupbarna.info/en/patrocinadors/partners/melosa-hamburgueseria/
en/patrocinadors/partners/mercat-dels-encants/index.html,https://linksbio.cbgrupbarna.info/en/patrocinadors/partners/mercat-dels-encants/
en/patrocinadors/partners/nova-farmacia-clot/index.html,https://linksbio.cbgrupbarna.info/en/patrocinadors/partners/nova-farmacia-clot/
en/patrocinadors/partners/ovella-negra/index.html,https://linksbio.cbgrupbarna.info/en/patrocinadors/partners/ovella-negra/
en/patrocinadors/partners/panteres-grogues/index.html,https://linksbio.cbgrupbarna.info/en/patrocinadors/partners/panteres-grogues/
en/patrocinadors/partners/romeo-abogados/index.html,https://linksbio.cbgrupbarna.info/en/patrocinadors/partners/romeo-abogados/
en/patrocinadors/partners/stepback-podologia/index.html,https://linksbio.cbgrupbarna.info/en/patrocinadors/partners/stepback-podologia/
en/patrocinadors/partners/time-chamber/index.html,https://linksbio.cbgrupbarna.info/en/patrocinadors/partners/time-chamber/
en/patrocinadors/partners/tot-salut/index.html,https://linksbio.cbgrupbarna.info/en/patrocinadors/partners/tot-salut/
en/patrocinadors/partners/westfield-glories/index.html,https://linksbio.cbgrupbarna.info/en/patrocinadors/partners/westfield-glories/
en/patrocinadors/partners/wilson/index.html,https://linksbio.cbgrupbarna.info/en/patrocinadors/partners/wilson/
en/patrocinis/index.html,https://linksbio.cbgrupbarna.info/en/patrocinis/
en/premidonaesport/404.html,https://linksbio.cbgrupbarna.info/en/premidonaesport/404.html
en/premidonaesport/bibliografia.html,https://linksbio.cbgrupbarna.info/en/premidonaesport/bibliografia.html
en/premidonaesport/comunitat/3x3-westfield.html,https://linksbio.cbgrupbarna.info/en/premidonaesport/comunitat/3x3-westfield.html
en/premidonaesport/comunitat/alcalde.html,https://linksbio.cbgrupbarna.info/en/premidonaesport/comunitat/alcalde.html
en/premidonaesport/comunitat/instagram.html,https://linksbio.cbgrupbarna.info/en/premidonaesport/comunitat/instagram.html
en/premidonaesport/el-club/ainhoa.html,https://linksbio.cbgrupbarna.info/en/premidonaesport/el-club/ainhoa.html
en/premidonaesport/el-club/linia.html,https://linksbio.cbgrupbarna.info/en/premidonaesport/el-club/linia.html
en/premidonaesport/el-club/magics.html,https://linksbio.cbgrupbarna.info/en/premidonaesport/el-club/magics.html
en/premidonaesport/index.html,https://linksbio.cbgrupbarna.info/en/premidonaesport/
en/premidonaesport/investigacio/index.html,https://linksbio.cbgrupbarna.info/en/premidonaesport/investigacio/
en/premidonaesport/investigacio/informe-complet.html,https://linksbio.cbgrupbarna.info/en/premidonaesport/investigacio/informe-complet.html
en/premidonaesport/investigacio/informe-unificat.html,https://linksbio.cbgrupbarna.info/en/premidonaesport/investigacio/informe-unificat.html
en/premidonaesport/investigacio/patrons.html,https://linksbio.cbgrupbarna.info/en/premidonaesport/investigacio/patrons.html
en/premidonaesport/investigacio/recerca.html,https://linksbio.cbgrupbarna.info/en/premidonaesport/investigacio/recerca.html
en/premidonaesport/metode-extern.html,https://linksbio.cbgrupbarna.info/en/premidonaesport/metode-extern.html
en/premidonaesport/patrocinis/index.html,https://linksbio.cbgrupbarna.info/en/premidonaesport/patrocinis/
en/premidonaesport/pipeline-femeni.html,https://linksbio.cbgrupbarna.info/en/premidonaesport/pipeline-femeni.html
en/premidonaesport/presentacio.html,https://linksbio.cbgrupbarna.info/en/premidonaesport/presentacio.html
en/premidonaesport/resum-executiu.html,https://linksbio.cbgrupbarna.info/en/premidonaesport/resum-executiu.html
en/premidonaesport/teories/t1.html,https://linksbio.cbgrupbarna.info/en/premidonaesport/teories/t1.html
en/premidonaesport/teories/t2.html,https://linksbio.cbgrupbarna.info/en/premidonaesport/teories/t2.html
en/premidonaesport/teories/t3.html,https://linksbio.cbgrupbarna.info/en/premidonaesport/teories/t3.html
en/premidonaesport/teories/t4.html,https://linksbio.cbgrupbarna.info/en/premidonaesport/teories/t4.html
en/premidonaesport/teories/t5.html,https://linksbio.cbgrupbarna.info/en/premidonaesport/teories/t5.html
en/premsa/archive/index.html,https://linksbio.cbgrupbarna.info/en/premsa/archive/
en/premsa/clot-guide-sixty-years/index.html,https://linksbio.cbgrupbarna.info/en/premsa/clot-guide-sixty-years/
en/premsa/guia-clot-seixanta-anys-fent-bategar-el-clot/index.html,https://linksbio.cbgrupbarna.info/en/premsa/guia-clot-seixanta-anys-fent-bategar-el-clot/
en/premsa/highlights/index.html,https://linksbio.cbgrupbarna.info/en/premsa/highlights/
en/premsa/index.html,https://linksbio.cbgrupbarna.info/en/premsa/
en/premsa/instagram/index.html,https://linksbio.cbgrupbarna.info/en/premsa/instagram/
en/presentacio/index.html,https://linksbio.cbgrupbarna.info/en/presentacio/
en/presentation/index.html,https://linksbio.cbgrupbarna.info/en/presentation/
en/presentations/campus-timechamber/index.html,https://linksbio.cbgrupbarna.info/en/presentations/campus-timechamber/
en/presentations/evidence-and-position/index.html,https://linksbio.cbgrupbarna.info/en/presentations/evidence-and-position/
en/presentations/fons-barna-8m/index.html,https://linksbio.cbgrupbarna.info/en/presentations/fons-barna-8m/
en/presentations/global-view/index.html,https://linksbio.cbgrupbarna.info/en/presentations/global-view/
en/presentations/index.html,https://linksbio.cbgrupbarna.info/en/presentations/
en/presentations/sponsorship-pack/index.html,https://linksbio.cbgrupbarna.info/en/presentations/sponsorship-pack/
en/privacy-policy/index.html,https://linksbio.cbgrupbarna.info/en/privacy-policy/
en/search/index.html,https://linksbio.cbgrupbarna.info/en/search/
en/seniors/index.html,https://linksbio.cbgrupbarna.info/en/seniors/
en/suggestions/index.html,https://linksbio.cbgrupbarna.info/en/suggestions/
en/videos/index.html,https://linksbio.cbgrupbarna.info/en/videos/
en/womens-basketball/index.html,https://linksbio.cbgrupbarna.info/en/womens-basketball/
en/womens-basketball/the-barna-method/index.html,https://linksbio.cbgrupbarna.info/en/womens-basketball/the-barna-method/
es/3x3-baloncesto-barcelona/index.html,https://linksbio.cbgrupbarna.info/es/3x3-baloncesto-barcelona/
es/3x3/index.html,https://linksbio.cbgrupbarna.info/es/3x3/
es/accesibilidad/index.html,https://linksbio.cbgrupbarna.info/es/accesibilidad/
es/aviso-legal/index.html,https://linksbio.cbgrupbarna.info/es/aviso-legal/
es/baloncesto-femenino/el-metodo-barna/index.html,https://linksbio.cbgrupbarna.info/es/baloncesto-femenino/el-metodo-barna/
es/baloncesto-femenino/index.html,https://linksbio.cbgrupbarna.info/es/baloncesto-femenino/
es/baloncesto-formativo/index.html,https://linksbio.cbgrupbarna.info/es/baloncesto-formativo/
es/blog/a-que-edad-empezar-baloncesto/index.html,https://linksbio.cbgrupbarna.info/es/blog/a-que-edad-empezar-baloncesto/
es/blog/a-quina-edat-comencar-basquet/index.html,https://linksbio.cbgrupbarna.info/es/blog/a-quina-edat-comencar-basquet/
es/blog/baloncesto-base-sant-marti-clot/index.html,https://linksbio.cbgrupbarna.info/es/blog/baloncesto-base-sant-marti-clot/
es/blog/baloncesto-femenino-barcelona-0-75-por-ciento/index.html,https://linksbio.cbgrupbarna.info/es/blog/baloncesto-femenino-barcelona-0-75-por-ciento/
es/blog/baloncesto-inclusivo-barna-magics/index.html,https://linksbio.cbgrupbarna.info/es/blog/baloncesto-inclusivo-barna-magics/
es/blog/barna-con-datos-informe/index.html,https://linksbio.cbgrupbarna.info/es/blog/barna-con-datos-informe/
es/blog/basquet-base-sant-marti-clot/index.html,https://linksbio.cbgrupbarna.info/es/blog/basquet-base-sant-marti-clot/
es/blog/campus-basquet-barcelona-guia/index.html,https://linksbio.cbgrupbarna.info/es/blog/campus-basquet-barcelona-guia/
es/blog/campus-time-chamber-2026/index.html,https://linksbio.cbgrupbarna.info/es/blog/campus-time-chamber-2026/
es/blog/club-baloncesto-seguro-igualdad-familias/index.html,https://linksbio.cbgrupbarna.info/es/blog/club-baloncesto-seguro-igualdad-familias/
es/blog/club-formacion-y-competitivo-cataluna/index.html,https://linksbio.cbgrupbarna.info/es/blog/club-formacion-y-competitivo-cataluna/
es/blog/com-triar-escola-basquet-barcelona/index.html,https://linksbio.cbgrupbarna.info/es/blog/com-triar-escola-basquet-barcelona/
es/blog/como-elegir-escuela-baloncesto-barcelona/index.html,https://linksbio.cbgrupbarna.info/es/blog/como-elegir-escuela-baloncesto-barcelona/
es/blog/cuantos-equipos-tiene-el-barna/index.html,https://linksbio.cbgrupbarna.info/es/blog/cuantos-equipos-tiene-el-barna/
es/blog/cultura-esfuerzo-club-progreso/index.html,https://linksbio.cbgrupbarna.info/es/blog/cultura-esfuerzo-club-progreso/
es/blog/entrenadoras-baloncesto-barcelona/index.html,https://linksbio.cbgrupbarna.info/es/blog/entrenadoras-baloncesto-barcelona/
es/blog/entrenadores-nba-baloncesto-barcelona/index.html,https://linksbio.cbgrupbarna.info/es/blog/entrenadores-nba-baloncesto-barcelona/
es/blog/equipacion-femenina-baloncesto/index.html,https://linksbio.cbgrupbarna.info/es/blog/equipacion-femenina-baloncesto/
es/blog/fons-barna-8m-fcbq/index.html,https://linksbio.cbgrupbarna.info/es/blog/fons-barna-8m-fcbq/
es/blog/guia-campus-baloncesto-barcelona/index.html,https://linksbio.cbgrupbarna.info/es/blog/guia-campus-baloncesto-barcelona/
es/blog/index.html,https://linksbio.cbgrupbarna.info/es/blog/
es/blog/nueva-farmacia-clot-nuevo-partner-barna/index.html,https://linksbio.cbgrupbarna.info/es/blog/nueva-farmacia-clot-nuevo-partner-barna/
es/blog/patrocinadores-partners-cb-grup-barna/index.html,https://linksbio.cbgrupbarna.info/es/blog/patrocinadores-partners-cb-grup-barna/
es/blog/patrocinar-club-baloncesto-barrio/index.html,https://linksbio.cbgrupbarna.info/es/blog/patrocinar-club-baloncesto-barrio/
es/blog/por-que-las-chicas-dejan-el-baloncesto/index.html,https://linksbio.cbgrupbarna.info/es/blog/por-que-las-chicas-dejan-el-baloncesto/
es/blog/proteccion-menor-plan-igualdad/index.html,https://linksbio.cbgrupbarna.info/es/blog/proteccion-menor-plan-igualdad/
es/blog/puertas-abiertas-escoleta-septiembre-2026/index.html,https://linksbio.cbgrupbarna.info/es/blog/puertas-abiertas-escoleta-septiembre-2026/
es/blog/que-es-basquet-3x3/index.html,https://linksbio.cbgrupbarna.info/es/blog/que-es-basquet-3x3/
es/blog/que-es-el-baloncesto-3x3/index.html,https://linksbio.cbgrupbarna.info/es/blog/que-es-el-baloncesto-3x3/
es/briefing/index.html,https://linksbio.cbgrupbarna.info/es/briefing/
es/briefing/materials.html,https://linksbio.cbgrupbarna.info/es/briefing/materials.html
es/busqueda/index.html,https://linksbio.cbgrupbarna.info/es/busqueda/
es/buzon/index.html,https://linksbio.cbgrupbarna.info/es/buzon/
es/campus-baloncesto-barcelona/index.html,https://linksbio.cbgrupbarna.info/es/campus-baloncesto-barcelona/
es/campus-navidad-baloncesto-barcelona/index.html,https://linksbio.cbgrupbarna.info/es/campus-navidad-baloncesto-barcelona/
es/campus/enlaces/index.html,https://linksbio.cbgrupbarna.info/es/campus/enlaces/
es/campus/index.html,https://linksbio.cbgrupbarna.info/es/campus/
es/campus/semana-santa/index.html,https://linksbio.cbgrupbarna.info/es/campus/semana-santa/
es/cistella-petita/index.html,https://linksbio.cbgrupbarna.info/es/cistella-petita/
es/club/index.html,https://linksbio.cbgrupbarna.info/es/club/
es/documentos/index.html,https://linksbio.cbgrupbarna.info/es/documentos/
es/dossier-patrocinis/index.html,https://linksbio.cbgrupbarna.info/es/dossier-patrocinis/
es/empresas/index.html,https://linksbio.cbgrupbarna.info/es/empresas/
es/escola-baloncesto-barcelona/index.html,https://linksbio.cbgrupbarna.info/es/escola-baloncesto-barcelona/
es/escoleta/index.html,https://linksbio.cbgrupbarna.info/es/escoleta/
es/escribenos/index.html,https://linksbio.cbgrupbarna.info/es/escribenos/
es/faq/index.html,https://linksbio.cbgrupbarna.info/es/faq/
es/fotos-3x3/index.html,https://linksbio.cbgrupbarna.info/es/fotos-3x3/
es/fotos-esdeveniments/3x3-westfield-2026/index.html,https://linksbio.cbgrupbarna.info/es/fotos-esdeveniments/3x3-westfield-2026/
es/fotos-esdeveniments/index.html,https://linksbio.cbgrupbarna.info/es/fotos-esdeveniments/
es/galeria-3x3-glories/index.html,https://linksbio.cbgrupbarna.info/es/galeria-3x3-glories/
es/grup-barna-dades-oficials/index.html,https://linksbio.cbgrupbarna.info/es/grup-barna-dades-oficials/
es/historia/index.html,https://linksbio.cbgrupbarna.info/es/historia/
es/index.html,https://linksbio.cbgrupbarna.info/es/
es/instalaciones/index.html,https://linksbio.cbgrupbarna.info/es/instalaciones/
es/jugadors/estadistiques.html,https://linksbio.cbgrupbarna.info/es/jugadors/estadistiques.html
es/jugadors/index.html,https://linksbio.cbgrupbarna.info/es/jugadors/
es/magics/index.html,https://linksbio.cbgrupbarna.info/es/magics/
es/mascota/index.html,https://linksbio.cbgrupbarna.info/es/mascota/
es/modelo-formativo/index.html,https://linksbio.cbgrupbarna.info/es/modelo-formativo/
es/newsletter/index.html,https://linksbio.cbgrupbarna.info/es/newsletter/
es/opina/index.html,https://linksbio.cbgrupbarna.info/es/opina/
es/organigrama/index.html,https://linksbio.cbgrupbarna.info/es/organigrama/
es/orgull/index.html,https://linksbio.cbgrupbarna.info/es/orgull/
es/palmares/index.html,https://linksbio.cbgrupbarna.info/es/palmares/
es/partits/calendaris/index.html,https://linksbio.cbgrupbarna.info/es/partits/calendaris/
es/partits/cartell.html,https://linksbio.cbgrupbarna.info/es/partits/cartell.html
es/partits/equips/cadet-femeni-a/index.html,https://linksbio.cbgrupbarna.info/es/partits/equips/cadet-femeni-a/
es/partits/equips/cadet-femeni-b/index.html,https://linksbio.cbgrupbarna.info/es/partits/equips/cadet-femeni-b/
es/partits/equips/cadet-masculi-a/index.html,https://linksbio.cbgrupbarna.info/es/partits/equips/cadet-masculi-a/
es/partits/equips/cadet-masculi-b/index.html,https://linksbio.cbgrupbarna.info/es/partits/equips/cadet-masculi-b/
es/partits/equips/index.html,https://linksbio.cbgrupbarna.info/es/partits/equips/
es/partits/equips/infantil-femeni-a/index.html,https://linksbio.cbgrupbarna.info/es/partits/equips/infantil-femeni-a/
es/partits/equips/infantil-femeni-b/index.html,https://linksbio.cbgrupbarna.info/es/partits/equips/infantil-femeni-b/
es/partits/equips/infantil-masculi-a/index.html,https://linksbio.cbgrupbarna.info/es/partits/equips/infantil-masculi-a/
es/partits/equips/infantil-masculi-b/index.html,https://linksbio.cbgrupbarna.info/es/partits/equips/infantil-masculi-b/
es/partits/equips/junior-femeni-a/index.html,https://linksbio.cbgrupbarna.info/es/partits/equips/junior-femeni-a/
es/partits/equips/junior-femeni-b/index.html,https://linksbio.cbgrupbarna.info/es/partits/equips/junior-femeni-b/
es/partits/equips/junior-femeni-negre/index.html,https://linksbio.cbgrupbarna.info/es/partits/equips/junior-femeni-negre/
es/partits/equips/junior-masculi-a/index.html,https://linksbio.cbgrupbarna.info/es/partits/equips/junior-masculi-a/
es/partits/equips/junior-masculi-negre/index.html,https://linksbio.cbgrupbarna.info/es/partits/equips/junior-masculi-negre/
es/partits/equips/scf/index.html,https://linksbio.cbgrupbarna.info/es/partits/equips/scf/
es/partits/equips/scm/index.html,https://linksbio.cbgrupbarna.info/es/partits/equips/scm/
es/partits/equips/senior-femeni-b/index.html,https://linksbio.cbgrupbarna.info/es/partits/equips/senior-femeni-b/
es/partits/equips/senior-masculi-b/index.html,https://linksbio.cbgrupbarna.info/es/partits/equips/senior-masculi-b/
es/partits/index.html,https://linksbio.cbgrupbarna.info/es/partits/
es/partners-mapa/index.html,https://linksbio.cbgrupbarna.info/es/partners-mapa/
es/patrocinadors/index.html,https://linksbio.cbgrupbarna.info/es/patrocinadors/
es/patrocinadors/partners/aquamiga/index.html,https://linksbio.cbgrupbarna.info/es/patrocinadors/partners/aquamiga/
es/patrocinadors/partners/armand-optics/index.html,https://linksbio.cbgrupbarna.info/es/patrocinadors/partners/armand-optics/
es/patrocinadors/partners/clinica-dental-bac-de-roda/index.html,https://linksbio.cbgrupbarna.info/es/patrocinadors/partners/clinica-dental-bac-de-roda/
es/patrocinadors/partners/eix-clot/index.html,https://linksbio.cbgrupbarna.info/es/patrocinadors/partners/eix-clot/
es/patrocinadors/partners/eix-comercial-sant-marti/index.html,https://linksbio.cbgrupbarna.info/es/patrocinadors/partners/eix-comercial-sant-marti/
es/patrocinadors/partners/foto-jane/index.html,https://linksbio.cbgrupbarna.info/es/patrocinadors/partners/foto-jane/
es/patrocinadors/partners/fundacio-mullor/index.html,https://linksbio.cbgrupbarna.info/es/patrocinadors/partners/fundacio-mullor/
es/patrocinadors/partners/gbk-globabasket/index.html,https://linksbio.cbgrupbarna.info/es/patrocinadors/partners/gbk-globabasket/
es/patrocinadors/partners/herbolaris-montserrat/index.html,https://linksbio.cbgrupbarna.info/es/patrocinadors/partners/herbolaris-montserrat/
es/patrocinadors/partners/illa-fantasia/index.html,https://linksbio.cbgrupbarna.info/es/patrocinadors/partners/illa-fantasia/
es/patrocinadors/partners/instax-fujifilm/index.html,https://linksbio.cbgrupbarna.info/es/patrocinadors/partners/instax-fujifilm/
es/patrocinadors/partners/manual-colors/index.html,https://linksbio.cbgrupbarna.info/es/patrocinadors/partners/manual-colors/
es/patrocinadors/partners/melosa-hamburgueseria/index.html,https://linksbio.cbgrupbarna.info/es/patrocinadors/partners/melosa-hamburgueseria/
es/patrocinadors/partners/mercat-dels-encants/index.html,https://linksbio.cbgrupbarna.info/es/patrocinadors/partners/mercat-dels-encants/
es/patrocinadors/partners/nova-farmacia-clot/index.html,https://linksbio.cbgrupbarna.info/es/patrocinadors/partners/nova-farmacia-clot/
es/patrocinadors/partners/ovella-negra/index.html,https://linksbio.cbgrupbarna.info/es/patrocinadors/partners/ovella-negra/
es/patrocinadors/partners/panteres-grogues/index.html,https://linksbio.cbgrupbarna.info/es/patrocinadors/partners/panteres-grogues/
es/patrocinadors/partners/romeo-abogados/index.html,https://linksbio.cbgrupbarna.info/es/patrocinadors/partners/romeo-abogados/
es/patrocinadors/partners/stepback-podologia/index.html,https://linksbio.cbgrupbarna.info/es/patrocinadors/partners/stepback-podologia/
es/patrocinadors/partners/time-chamber/index.html,https://linksbio.cbgrupbarna.info/es/patrocinadors/partners/time-chamber/
es/patrocinadors/partners/tot-salut/index.html,https://linksbio.cbgrupbarna.info/es/patrocinadors/partners/tot-salut/
es/patrocinadors/partners/westfield-glories/index.html,https://linksbio.cbgrupbarna.info/es/patrocinadors/partners/westfield-glories/
es/patrocinadors/partners/wilson/index.html,https://linksbio.cbgrupbarna.info/es/patrocinadors/partners/wilson/
es/patrocinis/index.html,https://linksbio.cbgrupbarna.info/es/patrocinis/
es/politica-de-privacidad/index.html,https://linksbio.cbgrupbarna.info/es/politica-de-privacidad/
es/posicionamiento/index.html,https://linksbio.cbgrupbarna.info/es/posicionamiento/
es/premidonaesport/404.html,https://linksbio.cbgrupbarna.info/es/premidonaesport/404.html
es/premidonaesport/bibliografia.html,https://linksbio.cbgrupbarna.info/es/premidonaesport/bibliografia.html
es/premidonaesport/comunitat/3x3-westfield.html,https://linksbio.cbgrupbarna.info/es/premidonaesport/comunitat/3x3-westfield.html
es/premidonaesport/comunitat/alcalde.html,https://linksbio.cbgrupbarna.info/es/premidonaesport/comunitat/alcalde.html
es/premidonaesport/comunitat/instagram.html,https://linksbio.cbgrupbarna.info/es/premidonaesport/comunitat/instagram.html
es/premidonaesport/el-club/ainhoa.html,https://linksbio.cbgrupbarna.info/es/premidonaesport/el-club/ainhoa.html
es/premidonaesport/el-club/linia.html,https://linksbio.cbgrupbarna.info/es/premidonaesport/el-club/linia.html
es/premidonaesport/el-club/magics.html,https://linksbio.cbgrupbarna.info/es/premidonaesport/el-club/magics.html
es/premidonaesport/index.html,https://linksbio.cbgrupbarna.info/es/premidonaesport/
es/premidonaesport/investigacio/index.html,https://linksbio.cbgrupbarna.info/es/premidonaesport/investigacio/
es/premidonaesport/investigacio/informe-complet.html,https://linksbio.cbgrupbarna.info/es/premidonaesport/investigacio/informe-complet.html
es/premidonaesport/investigacio/informe-unificat.html,https://linksbio.cbgrupbarna.info/es/premidonaesport/investigacio/informe-unificat.html
es/premidonaesport/investigacio/patrons.html,https://linksbio.cbgrupbarna.info/es/premidonaesport/investigacio/patrons.html
es/premidonaesport/investigacio/recerca.html,https://linksbio.cbgrupbarna.info/es/premidonaesport/investigacio/recerca.html
es/premidonaesport/metode-extern.html,https://linksbio.cbgrupbarna.info/es/premidonaesport/metode-extern.html
es/premidonaesport/patrocinis/index.html,https://linksbio.cbgrupbarna.info/es/premidonaesport/patrocinis/
es/premidonaesport/pipeline-femeni.html,https://linksbio.cbgrupbarna.info/es/premidonaesport/pipeline-femeni.html
es/premidonaesport/presentacio.html,https://linksbio.cbgrupbarna.info/es/premidonaesport/presentacio.html
es/premidonaesport/resum-executiu.html,https://linksbio.cbgrupbarna.info/es/premidonaesport/resum-executiu.html
es/premidonaesport/teories/t1.html,https://linksbio.cbgrupbarna.info/es/premidonaesport/teories/t1.html
es/premidonaesport/teories/t2.html,https://linksbio.cbgrupbarna.info/es/premidonaesport/teories/t2.html
es/premidonaesport/teories/t3.html,https://linksbio.cbgrupbarna.info/es/premidonaesport/teories/t3.html
es/premidonaesport/teories/t4.html,https://linksbio.cbgrupbarna.info/es/premidonaesport/teories/t4.html
es/premidonaesport/teories/t5.html,https://linksbio.cbgrupbarna.info/es/premidonaesport/teories/t5.html
es/premsa/archivo/index.html,https://linksbio.cbgrupbarna.info/es/premsa/archivo/
es/premsa/guia-clot-seixanta-anys-fent-bategar-el-clot/index.html,https://linksbio.cbgrupbarna.info/es/premsa/guia-clot-seixanta-anys-fent-bategar-el-clot/
es/premsa/guia-clot-sesenta-anos/index.html,https://linksbio.cbgrupbarna.info/es/premsa/guia-clot-sesenta-anos/
es/premsa/index.html,https://linksbio.cbgrupbarna.info/es/premsa/
es/premsa/instagram/index.html,https://linksbio.cbgrupbarna.info/es/premsa/instagram/
es/premsa/momentos/index.html,https://linksbio.cbgrupbarna.info/es/premsa/momentos/
es/presentacio/index.html,https://linksbio.cbgrupbarna.info/es/presentacio/
es/presentacion/index.html,https://linksbio.cbgrupbarna.info/es/presentacion/
es/presentaciones/campus-timechamber/index.html,https://linksbio.cbgrupbarna.info/es/presentaciones/campus-timechamber/
es/presentaciones/dosier-patrocinios/index.html,https://linksbio.cbgrupbarna.info/es/presentaciones/dosier-patrocinios/
es/presentaciones/evidencia-y-posicion/index.html,https://linksbio.cbgrupbarna.info/es/presentaciones/evidencia-y-posicion/
es/presentaciones/fons-barna-8m/index.html,https://linksbio.cbgrupbarna.info/es/presentaciones/fons-barna-8m/
es/presentaciones/index.html,https://linksbio.cbgrupbarna.info/es/presentaciones/
es/presentaciones/vision-global/index.html,https://linksbio.cbgrupbarna.info/es/presentaciones/vision-global/
es/proteccion-menor/comunicar/index.html,https://linksbio.cbgrupbarna.info/es/proteccion-menor/comunicar/
es/proteccion-menor/index.html,https://linksbio.cbgrupbarna.info/es/proteccion-menor/
es/puertas-abiertas/index.html,https://linksbio.cbgrupbarna.info/es/puertas-abiertas/
es/seniors/index.html,https://linksbio.cbgrupbarna.info/es/seniors/
es/tecnificacion-baloncesto-barcelona/index.html,https://linksbio.cbgrupbarna.info/es/tecnificacion-baloncesto-barcelona/
es/ventajas-familia/index.html,https://linksbio.cbgrupbarna.info/es/ventajas-familia/
es/video/index.html,https://linksbio.cbgrupbarna.info/es/video/
escola-basquet-barcelona/index.html,https://linksbio.cbgrupbarna.info/escola-basquet-barcelona/
escoleta/flyer/index.html,https://linksbio.cbgrupbarna.info/escoleta/flyer/
escoleta/index.html,https://linksbio.cbgrupbarna.info/escoleta/
escriu-nos/index.html,https://linksbio.cbgrupbarna.info/escriu-nos/
faq/index.html,https://linksbio.cbgrupbarna.info/faq/
femeni/el-metode-barna/index.html,https://linksbio.cbgrupbarna.info/femeni/el-metode-barna/
femeni/index.html,https://linksbio.cbgrupbarna.info/femeni/
fotos-3x3/index.html,https://linksbio.cbgrupbarna.info/fotos-3x3/
fotos-esdeveniments/3x3-westfield-2026/index.html,https://linksbio.cbgrupbarna.info/fotos-esdeveniments/3x3-westfield-2026/
fotos-esdeveniments/index.html,https://linksbio.cbgrupbarna.info/fotos-esdeveniments/
galeria-3x3-glories/index.html,https://linksbio.cbgrupbarna.info/galeria-3x3-glories/
grup-barna-dades-oficials/index.html,https://linksbio.cbgrupbarna.info/grup-barna-dades-oficials/
historia/index.html,https://linksbio.cbgrupbarna.info/historia/
index.html,https://cbgrupbarna.com/
instal-lacions/index.html,https://linksbio.cbgrupbarna.info/instal-lacions/
jugadors/admin.html,https://linksbio.cbgrupbarna.info/jugadors/admin.html
jugadors/estadistiques.html,https://linksbio.cbgrupbarna.info/jugadors/estadistiques.html
jugadors/index.html,https://linksbio.cbgrupbarna.info/jugadors/
magics/index.html,https://linksbio.cbgrupbarna.info/magics/
mascota/index.html,https://linksbio.cbgrupbarna.info/mascota/
model-formatiu/index.html,https://linksbio.cbgrupbarna.info/model-formatiu/
newsletter/index.html,https://linksbio.cbgrupbarna.info/newsletter/
opina/index.html,https://linksbio.cbgrupbarna.info/opina/
opina/print/cartell-a4.html,https://linksbio.cbgrupbarna.info/opina/print/cartell-a4.html
opina/print/og-1200x630.html,https://linksbio.cbgrupbarna.info/opina/print/og-1200x630.html
opina/print/story-1080x1920.html,https://linksbio.cbgrupbarna.info/opina/print/story-1080x1920.html
opina/print/targetes-qr-a4.html,https://linksbio.cbgrupbarna.info/opina/print/targetes-qr-a4.html
organigrama/index.html,https://linksbio.cbgrupbarna.info/organigrama/
orgull/index.html,https://linksbio.cbgrupbarna.info/orgull/
palmares/index.html,https://linksbio.cbgrupbarna.info/palmares/
partits/admin.html,https://linksbio.cbgrupbarna.info/partits/admin.html
partits/app.html,https://linksbio.cbgrupbarna.info/partits/app.html
partits/calendaris/index.html,https://linksbio.cbgrupbarna.info/partits/calendaris/
partits/cartell.html,https://linksbio.cbgrupbarna.info/partits/cartell.html
partits/equips/cadet-femeni-a/index.html,https://linksbio.cbgrupbarna.info/partits/equips/cadet-femeni-a/
partits/equips/cadet-femeni-b/index.html,https://linksbio.cbgrupbarna.info/partits/equips/cadet-femeni-b/
partits/equips/cadet-masculi-a/index.html,https://linksbio.cbgrupbarna.info/partits/equips/cadet-masculi-a/
partits/equips/cadet-masculi-b/index.html,https://linksbio.cbgrupbarna.info/partits/equips/cadet-masculi-b/
partits/equips/index.html,https://linksbio.cbgrupbarna.info/partits/equips/
partits/equips/infantil-femeni-a/index.html,https://linksbio.cbgrupbarna.info/partits/equips/infantil-femeni-a/
partits/equips/infantil-femeni-b/index.html,https://linksbio.cbgrupbarna.info/partits/equips/infantil-femeni-b/
partits/equips/infantil-masculi-a/index.html,https://linksbio.cbgrupbarna.info/partits/equips/infantil-masculi-a/
partits/equips/infantil-masculi-b/index.html,https://linksbio.cbgrupbarna.info/partits/equips/infantil-masculi-b/
partits/equips/junior-femeni-a/index.html,https://linksbio.cbgrupbarna.info/partits/equips/junior-femeni-a/
partits/equips/junior-femeni-b/index.html,https://linksbio.cbgrupbarna.info/partits/equips/junior-femeni-b/
partits/equips/junior-femeni-negre/index.html,https://linksbio.cbgrupbarna.info/partits/equips/junior-femeni-negre/
partits/equips/junior-masculi-a/index.html,https://linksbio.cbgrupbarna.info/partits/equips/junior-masculi-a/
partits/equips/junior-masculi-negre/index.html,https://linksbio.cbgrupbarna.info/partits/equips/junior-masculi-negre/
partits/equips/scf/index.html,https://linksbio.cbgrupbarna.info/partits/equips/scf/
partits/equips/scm/index.html,https://linksbio.cbgrupbarna.info/partits/equips/scm/
partits/equips/senior-femeni-b/index.html,https://linksbio.cbgrupbarna.info/partits/equips/senior-femeni-b/
partits/equips/senior-masculi-b/index.html,https://linksbio.cbgrupbarna.info/partits/equips/senior-masculi-b/
partits/fcbq-resultats.html,https://linksbio.cbgrupbarna.info/partits/fcbq-resultats.html
partits/index.html,https://linksbio.cbgrupbarna.info/partits/
partits/resultats-fcbq/index.html,https://linksbio.cbgrupbarna.info/partits/resultats-fcbq/
partners-mapa/index.html,https://linksbio.cbgrupbarna.info/partners-mapa/
patrocinadors/index.html,https://linksbio.cbgrupbarna.info/patrocinadors/
patrocinadors/partners/aquamiga/index.html,https://linksbio.cbgrupbarna.info/patrocinadors/partners/aquamiga/
patrocinadors/partners/armand-optics/index.html,https://linksbio.cbgrupbarna.info/patrocinadors/partners/armand-optics/
patrocinadors/partners/clinica-dental-bac-de-roda/index.html,https://linksbio.cbgrupbarna.info/patrocinadors/partners/clinica-dental-bac-de-roda/
patrocinadors/partners/eix-clot/index.html,https://linksbio.cbgrupbarna.info/patrocinadors/partners/eix-clot/
patrocinadors/partners/eix-comercial-sant-marti/index.html,https://linksbio.cbgrupbarna.info/patrocinadors/partners/eix-comercial-sant-marti/
patrocinadors/partners/foto-jane/index.html,https://linksbio.cbgrupbarna.info/patrocinadors/partners/foto-jane/
patrocinadors/partners/fundacio-mullor/index.html,https://linksbio.cbgrupbarna.info/patrocinadors/partners/fundacio-mullor/
patrocinadors/partners/gbk-globabasket/index.html,https://linksbio.cbgrupbarna.info/patrocinadors/partners/gbk-globabasket/
patrocinadors/partners/herbolaris-montserrat/index.html,https://linksbio.cbgrupbarna.info/patrocinadors/partners/herbolaris-montserrat/
patrocinadors/partners/illa-fantasia/index.html,https://linksbio.cbgrupbarna.info/patrocinadors/partners/illa-fantasia/
patrocinadors/partners/instax-fujifilm/index.html,https://linksbio.cbgrupbarna.info/patrocinadors/partners/instax-fujifilm/
patrocinadors/partners/manual-colors/index.html,https://linksbio.cbgrupbarna.info/patrocinadors/partners/manual-colors/
patrocinadors/partners/melosa-hamburgueseria/index.html,https://linksbio.cbgrupbarna.info/patrocinadors/partners/melosa-hamburgueseria/
patrocinadors/partners/mercat-dels-encants/index.html,https://linksbio.cbgrupbarna.info/patrocinadors/partners/mercat-dels-encants/
patrocinadors/partners/nova-farmacia-clot/index.html,https://linksbio.cbgrupbarna.info/patrocinadors/partners/nova-farmacia-clot/
patrocinadors/partners/ovella-negra/index.html,https://linksbio.cbgrupbarna.info/patrocinadors/partners/ovella-negra/
patrocinadors/partners/panteres-grogues/index.html,https://linksbio.cbgrupbarna.info/patrocinadors/partners/panteres-grogues/
patrocinadors/partners/romeo-abogados/index.html,https://linksbio.cbgrupbarna.info/patrocinadors/partners/romeo-abogados/
patrocinadors/partners/stepback-podologia/index.html,https://linksbio.cbgrupbarna.info/patrocinadors/partners/stepback-podologia/
patrocinadors/partners/time-chamber/index.html,https://linksbio.cbgrupbarna.info/patrocinadors/partners/time-chamber/
patrocinadors/partners/tot-salut/index.html,https://linksbio.cbgrupbarna.info/patrocinadors/partners/tot-salut/
patrocinadors/partners/westfield-glories/index.html,https://linksbio.cbgrupbarna.info/patrocinadors/partners/westfield-glories/
patrocinadors/partners/wilson/index.html,https://linksbio.cbgrupbarna.info/patrocinadors/partners/wilson/
patrocinis/index.html,https://linksbio.cbgrupbarna.info/patrocinis/
politica-de-privacitat/index.html,https://linksbio.cbgrupbarna.info/politica-de-privacitat/
portes-obertes/index.html,https://linksbio.cbgrupbarna.info/portes-obertes/
posicionament/index.html,https://linksbio.cbgrupbarna.info/posicionament/
premidonaesport/404.html,https://linksbio.cbgrupbarna.info/premidonaesport/404.html
premidonaesport/bibliografia.html,https://linksbio.cbgrupbarna.info/premidonaesport/bibliografia.html
premidonaesport/comunitat/3x3-westfield.html,https://linksbio.cbgrupbarna.info/premidonaesport/comunitat/3x3-westfield.html
premidonaesport/comunitat/alcalde.html,https://linksbio.cbgrupbarna.info/premidonaesport/comunitat/alcalde.html
premidonaesport/comunitat/instagram.html,https://linksbio.cbgrupbarna.info/premidonaesport/comunitat/instagram.html
premidonaesport/el-club/ainhoa.html,https://linksbio.cbgrupbarna.info/premidonaesport/el-club/ainhoa.html
premidonaesport/el-club/linia.html,https://linksbio.cbgrupbarna.info/premidonaesport/el-club/linia.html
premidonaesport/el-club/magics.html,https://linksbio.cbgrupbarna.info/premidonaesport/el-club/magics.html
premidonaesport/index.html,https://linksbio.cbgrupbarna.info/premidonaesport/
premidonaesport/investigacio/index.html,https://linksbio.cbgrupbarna.info/premidonaesport/investigacio/
premidonaesport/investigacio/informe-complet.html,https://linksbio.cbgrupbarna.info/premidonaesport/investigacio/informe-complet.html
premidonaesport/investigacio/informe-unificat.html,https://linksbio.cbgrupbarna.info/premidonaesport/investigacio/informe-unificat.html
premidonaesport/investigacio/patrons.html,https://linksbio.cbgrupbarna.info/premidonaesport/investigacio/patrons.html
premidonaesport/investigacio/recerca.html,https://linksbio.cbgrupbarna.info/premidonaesport/investigacio/recerca.html
premidonaesport/metode-extern.html,https://linksbio.cbgrupbarna.info/premidonaesport/metode-extern.html
premidonaesport/patrocinis/index.html,https://linksbio.cbgrupbarna.info/premidonaesport/patrocinis/
premidonaesport/pipeline-femeni.html,https://linksbio.cbgrupbarna.info/premidonaesport/pipeline-femeni.html
premidonaesport/presentacio.html,https://linksbio.cbgrupbarna.info/premidonaesport/presentacio.html
premidonaesport/resum-executiu.html,https://linksbio.cbgrupbarna.info/premidonaesport/resum-executiu.html
premidonaesport/teories/t1.html,https://linksbio.cbgrupbarna.info/premidonaesport/teories/t1.html
premidonaesport/teories/t2.html,https://linksbio.cbgrupbarna.info/premidonaesport/teories/t2.html
premidonaesport/teories/t3.html,https://linksbio.cbgrupbarna.info/premidonaesport/teories/t3.html
premidonaesport/teories/t4.html,https://linksbio.cbgrupbarna.info/premidonaesport/teories/t4.html
premidonaesport/teories/t5.html,https://linksbio.cbgrupbarna.info/premidonaesport/teories/t5.html
premsa/arxiu/index.html,https://linksbio.cbgrupbarna.info/premsa/arxiu/
premsa/guia-clot-seixanta-anys-fent-bategar-el-clot/index.html,https://linksbio.cbgrupbarna.info/premsa/guia-clot-seixanta-anys-fent-bategar-el-clot/
premsa/index.html,https://linksbio.cbgrupbarna.info/premsa/
premsa/instagram/index.html,https://linksbio.cbgrupbarna.info/premsa/instagram/
premsa/moments/index.html,https://linksbio.cbgrupbarna.info/premsa/moments/
presentacio/index.html,https://linksbio.cbgrupbarna.info/presentacio/
presentacions/campus-timechamber/index.html,https://linksbio.cbgrupbarna.info/presentacions/campus-timechamber/
presentacions/dossier-patrocinis/index.html,https://linksbio.cbgrupbarna.info/presentacions/dossier-patrocinis/
presentacions/evidencia-i-posicio/index.html,https://linksbio.cbgrupbarna.info/presentacions/evidencia-i-posicio/
presentacions/fons-barna-8m/index.html,https://linksbio.cbgrupbarna.info/presentacions/fons-barna-8m/
presentacions/index.html,https://linksbio.cbgrupbarna.info/presentacions/
presentacions/visio-global/index.html,https://linksbio.cbgrupbarna.info/presentacions/visio-global/
proteccio-menor/comunicar/index.html,https://linksbio.cbgrupbarna.info/proteccio-menor/comunicar/
proteccio-menor/index.html,https://linksbio.cbgrupbarna.info/proteccio-menor/
seniors/index.html,https://linksbio.cbgrupbarna.info/seniors/
tecnificacio-basquet-barcelona/index.html,https://linksbio.cbgrupbarna.info/tecnificacio-basquet-barcelona/
tests/fixtures/fcbq-club24-resultats-2026-09-13.html,https://linksbio.cbgrupbarna.info/tests/fixtures/fcbq-club24-resultats-2026-09-13.html
video/index.html,https://linksbio.cbgrupbarna.info/video/
